{
    "intro_music": {
		"category": "record",
		"sounds": [
			{
				"name": "intro/french_fog",
				"stream": true
			},
			{
				"name": "intro/rotterdam_in_ruins",
				"stream": true
			}
		]
	},

	
	"outro_music1": {
		"category": "record",
		"sounds": [
			{
				"name": "outro/legacy_theme",
				"stream": true
			}
		]
	},
	
	
	"outro_music2": {
		"category": "record",
		"sounds": [
			{
				"name": "outro/tirailleur",
				"stream": true
			}
		]
	},
	
	
	"end_music": {
		"category": "record",
		"sounds": [
			{
				"name": "end/pride_and_honour",
				"stream": true
			},
			{
				"name": "end/triumph",
				"stream": true
			}
		]
	}
}